https://www.youtube.com/watch?v=1RYYDMx35j8;url incorreta de controle
https://youtu.be/n1H9vtKUEQc?list=PLeAQWSwt_2hphhRObmLMvR7yxGZfRYojJ;já existe
https://youtu.be/p7h1pdseVqs;
https://www.youtube.com/watch?v=iqnji14lErU;
https://www.youtube.com/watch?v=bS1aZGv2j-Q;
https://www.youtube.com/watch?v=U1VsnGzPtMo;
https://www.youtube.com/watch?v=1RYYDMx35j8;
https://www.youtube.com/watch?v=scCGN9QgOAE;
https://www.youtube.com/watch?v=MwoTPF0sj2E;
https://www.youtube.com/watch?v=lnjjfmgNnF0;
